<?xml version="1.0" encoding="UTF-8"?><rss version="2.0"
	xmlns:content="http://purl.org/rss/1.0/modules/content/"
	xmlns:wfw="http://wellformedweb.org/CommentAPI/"
	xmlns:dc="http://purl.org/dc/elements/1.1/"
	xmlns:atom="http://www.w3.org/2005/Atom"
	xmlns:sy="http://purl.org/rss/1.0/modules/syndication/"
	xmlns:slash="http://purl.org/rss/1.0/modules/slash/"
	>

<channel>
	<title>ahrsnik &#8211; Krishna Sudhakar</title>
	<atom:link href="./index.html" rel="self" type="application/rss+xml" />
	<link>./../../../index.html</link>
	<description></description>
	<lastBuildDate>Sat, 11 Mar 2017 19:59:41 +0000</lastBuildDate>
	<language>en-GB</language>
	<sy:updatePeriod>hourly</sy:updatePeriod>
	<sy:updateFrequency>1</sy:updateFrequency>
	<generator>https://wordpress.org/?v=4.7.3</generator>
	<item>
		<title>Hello world!</title>
		<link>./../../../2017/03/11/hello-world/index.html</link>
		<comments>./../../../2017/03/11/hello-world/index.html#comments</comments>
		<pubDate>Sat, 11 Mar 2017 08:55:35 +0000</pubDate>
		<dc:creator><![CDATA[ahrsnik]]></dc:creator>
				<category><![CDATA[Uncategorized]]></category>

		<guid isPermaLink="false">./../../../index.html?p=1</guid>
		<description><![CDATA[Welcome to WordPress. This is your first post. Edit or delete it, then start writing!]]></description>
				<content:encoded><![CDATA[<p>Welcome to WordPress. This is your first post. Edit or delete it, then start writing!</p>
]]></content:encoded>
			<wfw:commentRss>./../../../2017/03/11/hello-world/feed/index.html</wfw:commentRss>
		<slash:comments>1</slash:comments>
		</item>
	</channel>
</rss>
