<?xml version="1.0" encoding="UTF-8"?><rss version="2.0"
	xmlns:content="http://purl.org/rss/1.0/modules/content/"
	xmlns:dc="http://purl.org/dc/elements/1.1/"
	xmlns:atom="http://www.w3.org/2005/Atom"
	xmlns:sy="http://purl.org/rss/1.0/modules/syndication/"
	
	>
<channel>
	<title>Comments on: Hello world!</title>
	<atom:link href="./index.html" rel="self" type="application/rss+xml" />
	<link>./../index.html</link>
	<description></description>
	<lastBuildDate>Sat, 11 Mar 2017 08:55:35 +0000</lastBuildDate>
	<sy:updatePeriod>hourly</sy:updatePeriod>
	<sy:updateFrequency>1</sy:updateFrequency>
	<generator>https://wordpress.org/?v=4.7.3</generator>
	<item>
		<title>By: A WordPress Commenter</title>
		<link>./../index.html#comment-1</link>
		<dc:creator><![CDATA[A WordPress Commenter]]></dc:creator>
		<pubDate>Sat, 11 Mar 2017 08:55:35 +0000</pubDate>
		<guid isPermaLink="false">./../../../../../index.html?p=1#comment-1</guid>
		<description><![CDATA[Hi, this is a comment.
To get started with moderating, editing, and deleting comments, please visit the Comments screen in the dashboard.
Commenter avatars come from &lt;a href=&quot;https://gravatar.com&quot;&gt;Gravatar&lt;/a&gt;.]]></description>
		<content:encoded><![CDATA[<p>Hi, this is a comment.<br />
To get started with moderating, editing, and deleting comments, please visit the Comments screen in the dashboard.<br />
Commenter avatars come from <a href="https://gravatar.com/">Gravatar</a>.</p>
]]></content:encoded>
	</item>
</channel>
</rss>
